{"$schema":"http://schema.management.azure.com/schemas/2015-01-01/deploymentTemplate.json#","contentVersion":"1.0.0.0","parameters":{"factoryName":{"type":"string","metadata":"Data Factory name"},"AdventureWorksDB":{"type":"string"},"AdventureWorksDB_Archive":{"type":"string"}},"variables":{"factoryId":"[concat('Microsoft.DataFactory/factories/', parameters('factoryName'))]"},"resources":[{"name":"[concat(parameters('factoryName'), '/ArchiveProductAndDescription')]","type":"Microsoft.DataFactory/factories/pipelines","apiVersion":"2018-06-01","properties":{"activities":[{"name":"Copy Product And Description","type":"ExecuteDataFlow","dependsOn":[],"policy":{"timeout":"0.12:00:00","retry":0,"retryIntervalInSeconds":30,"secureOutput":false,"secureInput":false},"userProperties":[],"typeProperties":{"dataflow":{"referenceName":"CopyProductAndDescription","type":"DataFlowReference","parameters":{},"datasetParameters":{"AdventureWorksProduct":{},"AdventureWorksProductModel":{},"AdventureWorksProductModelProductDescription":{},"AdventureWorksProductDescription":{},"archive":{}}},"staging":{},"compute":{"coreCount":8,"computeType":"General"},"traceLevel":"Fine"}}],"policy":{"elapsedTimeMetric":{},"cancelAfter":{}},"annotations":[],"lastPublishTime":"2023-09-24T04:44:09Z"},"dependsOn":["[concat(variables('factoryId'), '/dataflows/CopyProductAndDescription')]"]},{"name":"[concat(parameters('factoryName'), '/CopyProductAndDescription')]","type":"Microsoft.DataFactory/factories/dataflows","apiVersion":"2018-06-01","properties":{"type":"MappingDataFlow","typeProperties":{"sources":[{"dataset":{"referenceName":"Product_Table","type":"DatasetReference"},"name":"AdventureWorksProduct"},{"dataset":{"referenceName":"Product_Model_Table","type":"DatasetReference"},"name":"AdventureWorksProductModel","description":"AdventureWorks Product table"},{"dataset":{"referenceName":"Product_Model_Product_Description","type":"DatasetReference"},"name":"AdventureWorksProductModelProductDescription","description":"AdventureWorks Product Model Product Description Table"},{"dataset":{"referenceName":"Product_Description_Table","type":"DatasetReference"},"name":"AdventureWorksProductDescription","description":"AdventureWorks Product Description Table"}],"sinks":[{"dataset":{"referenceName":"Product_Archive","type":"DatasetReference"},"name":"archive","description":"Export data to Product_Archive"}],"transformations":[{"name":"join1"},{"name":"join2"},{"name":"join3"},{"name":"select1","description":"Select 5 columns from the joins"}],"script":"source(output(\n\t\tProductID as integer,\n\t\tName as string,\n\t\tProductNumber as string,\n\t\tColor as string,\n\t\tStandardCost as decimal(19,4),\n\t\tListPrice as decimal(19,4),\n\t\tSize as string,\n\t\tWeight as decimal(8,2),\n\t\tProductCategoryID as integer,\n\t\tProductModelID as integer,\n\t\tSellStartDate as timestamp,\n\t\tSellEndDate as timestamp,\n\t\tDiscontinuedDate as timestamp,\n\t\tThumbNailPhoto as binary,\n\t\tThumbnailPhotoFileName as string,\n\t\trowguid as string,\n\t\tModifiedDate as timestamp\n\t),\n\tallowSchemaDrift: true,\n\tvalidateSchema: false,\n\tisolationLevel: 'READ_COMMITTED',\n\tformat: 'table') ~> AdventureWorksProduct\nsource(output(\n\t\tProductID as integer,\n\t\tName as string,\n\t\tProductNumber as string,\n\t\tColor as string,\n\t\tStandardCost as decimal(19,4),\n\t\tListPrice as decimal(19,4),\n\t\tSize as string,\n\t\tWeight as decimal(8,2),\n\t\tProductCategoryID as integer,\n\t\tProductModelID as integer,\n\t\tSellStartDate as timestamp,\n\t\tSellEndDate as timestamp,\n\t\tDiscontinuedDate as timestamp,\n\t\tThumbNailPhoto as binary,\n\t\tThumbnailPhotoFileName as string,\n\t\trowguid as string,\n\t\tModifiedDate as timestamp\n\t),\n\tallowSchemaDrift: true,\n\tvalidateSchema: false,\n\tisolationLevel: 'READ_COMMITTED',\n\tformat: 'table') ~> AdventureWorksProductModel\nsource(output(\n\t\tProductModelID as integer,\n\t\tProductDescriptionID as integer,\n\t\tCulture as string,\n\t\trowguid as string,\n\t\tModifiedDate as timestamp\n\t),\n\tallowSchemaDrift: true,\n\tvalidateSchema: false,\n\tisolationLevel: 'READ_COMMITTED',\n\tformat: 'table') ~> AdventureWorksProductModelProductDescription\nsource(output(\n\t\tProductDescriptionID as integer,\n\t\tDescription as string,\n\t\trowguid as string,\n\t\tModifiedDate as timestamp\n\t),\n\tallowSchemaDrift: true,\n\tvalidateSchema: false,\n\tisolationLevel: 'READ_COMMITTED',\n\tformat: 'table') ~> AdventureWorksProductDescription\nAdventureWorksProduct, AdventureWorksProductModel join(AdventureWorksProduct@ProductModelID == AdventureWorksProductModel@ProductModelID,\n\tjoinType:'inner',\n\tmatchType:'exact',\n\tignoreSpaces: false,\n\tbroadcast: 'auto')~> join1\njoin1, AdventureWorksProductModelProductDescription join(AdventureWorksProductModel@ProductModelID == AdventureWorksProductModelProductDescription@ProductModelID,\n\tjoinType:'inner',\n\tmatchType:'exact',\n\tignoreSpaces: false,\n\tbroadcast: 'auto')~> join2\njoin2, AdventureWorksProductDescription join(AdventureWorksProductModelProductDescription@ProductDescriptionID == AdventureWorksProductDescription@ProductDescriptionID,\n\tjoinType:'inner',\n\tmatchType:'exact',\n\tignoreSpaces: false,\n\tbroadcast: 'auto')~> join3\njoin3 select(mapColumn(\n\t\tProductID = AdventureWorksProduct@ProductID,\n\t\tName = AdventureWorksProduct@Name,\n\t\tModelName = AdventureWorksProductModel@Name,\n\t\tCulture,\n\t\tDescription\n\t),\n\tskipDuplicateMapInputs: true,\n\tskipDuplicateMapOutputs: true) ~> select1\nselect1 sink(allowSchemaDrift: true,\n\tvalidateSchema: false,\n\tdeletable:false,\n\tinsertable:true,\n\tupdateable:false,\n\tupsertable:false,\n\tformat: 'table',\n\tpreSQLs:['SET IDENTITY_INSERT [Archive].[Product] ON;  '],\n\tpostSQLs:['SET IDENTITY_INSERT [Archive].[Product] OFF;  '],\n\tskipDuplicateMapInputs: true,\n\tskipDuplicateMapOutputs: true,\n\tsaveOrder: 1,\n\terrorHandlingOption: 'stopOnFirstError') ~> archive"}},"dependsOn":["[concat(variables('factoryId'), '/datasets/Product_Table')]","[concat(variables('factoryId'), '/datasets/Product_Model_Table')]","[concat(variables('factoryId'), '/datasets/Product_Model_Product_Description')]","[concat(variables('factoryId'), '/datasets/Product_Description_Table')]","[concat(variables('factoryId'), '/datasets/Product_Archive')]"]},{"name":"[concat(parameters('factoryName'), '/Product_Table')]","type":"Microsoft.DataFactory/factories/datasets","apiVersion":"2018-06-01","properties":{"linkedServiceName":{"referenceName":"[parameters('AdventureWorksDB')]","type":"LinkedServiceReference"},"annotations":[],"type":"AzureSqlTable","schema":[{"name":"ProductID","type":"int","precision":10},{"name":"Name","type":"nvarchar"},{"name":"ProductNumber","type":"nvarchar"},{"name":"Color","type":"nvarchar"},{"name":"StandardCost","type":"money","precision":19,"scale":4},{"name":"ListPrice","type":"money","precision":19,"scale":4},{"name":"Size","type":"nvarchar"},{"name":"Weight","type":"decimal","precision":8,"scale":2},{"name":"ProductCategoryID","type":"int","precision":10},{"name":"ProductModelID","type":"int","precision":10},{"name":"SellStartDate","type":"datetime","precision":23,"scale":3},{"name":"SellEndDate","type":"datetime","precision":23,"scale":3},{"name":"DiscontinuedDate","type":"datetime","precision":23,"scale":3},{"name":"ThumbNailPhoto","type":"varbinary"},{"name":"ThumbnailPhotoFileName","type":"nvarchar"},{"name":"rowguid","type":"uniqueidentifier"},{"name":"ModifiedDate","type":"datetime","precision":23,"scale":3}],"typeProperties":{"schema":"SalesLT","table":"Product"}},"dependsOn":[]},{"name":"[concat(parameters('factoryName'), '/Product_Model_Table')]","type":"Microsoft.DataFactory/factories/datasets","apiVersion":"2018-06-01","properties":{"linkedServiceName":{"referenceName":"[parameters('AdventureWorksDB')]","type":"LinkedServiceReference"},"annotations":[],"type":"AzureSqlTable","schema":[{"name":"ProductID","type":"int","precision":10},{"name":"Name","type":"nvarchar"},{"name":"ProductNumber","type":"nvarchar"},{"name":"Color","type":"nvarchar"},{"name":"StandardCost","type":"money","precision":19,"scale":4},{"name":"ListPrice","type":"money","precision":19,"scale":4},{"name":"Size","type":"nvarchar"},{"name":"Weight","type":"decimal","precision":8,"scale":2},{"name":"ProductCategoryID","type":"int","precision":10},{"name":"ProductModelID","type":"int","precision":10},{"name":"SellStartDate","type":"datetime","precision":23,"scale":3},{"name":"SellEndDate","type":"datetime","precision":23,"scale":3},{"name":"DiscontinuedDate","type":"datetime","precision":23,"scale":3},{"name":"ThumbNailPhoto","type":"varbinary"},{"name":"ThumbnailPhotoFileName","type":"nvarchar"},{"name":"rowguid","type":"uniqueidentifier"},{"name":"ModifiedDate","type":"datetime","precision":23,"scale":3}],"typeProperties":{"schema":"SalesLT","table":"ProductModel"}},"dependsOn":[]},{"name":"[concat(parameters('factoryName'), '/Product_Model_Product_Description')]","type":"Microsoft.DataFactory/factories/datasets","apiVersion":"2018-06-01","properties":{"linkedServiceName":{"referenceName":"[parameters('AdventureWorksDB')]","type":"LinkedServiceReference"},"annotations":[],"type":"AzureSqlTable","schema":[{"name":"ProductModelID","type":"int","precision":10},{"name":"ProductDescriptionID","type":"int","precision":10},{"name":"Culture","type":"nchar"},{"name":"rowguid","type":"uniqueidentifier"},{"name":"ModifiedDate","type":"datetime","precision":23,"scale":3}],"typeProperties":{"schema":"SalesLT","table":"ProductModelProductDescription"}},"dependsOn":[]},{"name":"[concat(parameters('factoryName'), '/Product_Description_Table')]","type":"Microsoft.DataFactory/factories/datasets","apiVersion":"2018-06-01","properties":{"linkedServiceName":{"referenceName":"[parameters('AdventureWorksDB')]","type":"LinkedServiceReference"},"annotations":[],"type":"AzureSqlTable","schema":[{"name":"ProductDescriptionID","type":"int","precision":10},{"name":"Description","type":"nvarchar"},{"name":"rowguid","type":"uniqueidentifier"},{"name":"ModifiedDate","type":"datetime","precision":23,"scale":3}],"typeProperties":{"schema":"SalesLT","table":"ProductDescription"}},"dependsOn":[]},{"name":"[concat(parameters('factoryName'), '/Product_Archive')]","type":"Microsoft.DataFactory/factories/datasets","apiVersion":"2018-06-01","properties":{"linkedServiceName":{"referenceName":"[parameters('AdventureWorksDB_Archive')]","type":"LinkedServiceReference"},"annotations":[],"type":"AzureSqlTable","schema":[],"typeProperties":{"schema":"dbo","table":"ProductArchive"}},"dependsOn":[]}]}